<?xml version="1.0" encoding="UTF-8"?>
<metadata modelVersion="1.1.0">
  <groupId>com.xml</groupId>
  <artifactId>sebixmlgeneration</artifactId>
  <versioning>
    <lastUpdated>20250616201045</lastUpdated>
    <snapshot>
      <localCopy>true</localCopy>
    </snapshot>
    <snapshotVersions>
      <snapshotVersion>
        <extension>jar</extension>
        <value>0.0.1-SNAPSHOT</value>
        <updated>20250616201045</updated>
      </snapshotVersion>
      <snapshotVersion>
        <extension>pom</extension>
        <value>0.0.1-SNAPSHOT</value>
        <updated>20250616201045</updated>
      </snapshotVersion>
    </snapshotVersions>
  </versioning>
  <version>0.0.1-SNAPSHOT</version>
</metadata>
